subject,subsubject,topic,url
Basic Math,Addition,Addition Practice,http://www.math.com/homeworkhelp/BasicMath.html/school/subject1/practice/S1u1L11/S1U1L11Pract.html
Basic Math,Subtraction,Subtraction Practice,http://www.math.com/homeworkhelp/BasicMath.html/school/subject1/practice/S1u1L11/S1U1L11Pract.html
Basic Math,Multiplication,Multiplication Practice,http://www.math.com/homeworkhelp/BasicMath.html/school/subject1/practice/S1u1L12/S1U1L12Pract.html
Basic Math,Division,Division Practice,http://www.math.com/homeworkhelp/BasicMath.html/school/subject1/practice/S1u1L12/S1U1L12Pract.html
Everyday Math,Numbers,Place Value,http://www.math.com/homeworkhelp/EverydayMath.html/school/subject1/lessons/S1U1L1GL.html
Everyday Math,Numbers,Decimal Numbers,http://www.math.com/homeworkhelp/EverydayMath.html/school/subject1/lessons/S1U1L2GL.html
Everyday Math,Numbers,Estimating and rounding,http://www.math.com/homeworkhelp/EverydayMath.html/school/subject1/lessons/S1U1L3GL.html
Everyday Math,Numbers,Adding/subtracting decimals,http://www.math.com/homeworkhelp/EverydayMath.html/school/subject1/lessons/S1U1L4GL.html
Everyday Math,Numbers,Multiplying decimals,http://www.math.com/homeworkhelp/EverydayMath.html/school/subject1/lessons/S1U1L5GL.html
Everyday Math,Numbers,Dividing decimals,http://www.math.com/homeworkhelp/EverydayMath.html/school/subject1/lessons/S1U1L6GL.html
Everyday Math,Numbers,Percent,http://www.math.com/homeworkhelp/EverydayMath.html/school/subject1/lessons/S1U1L7GL.html
Everyday Math,Numbers,Exponents,http://www.math.com/homeworkhelp/EverydayMath.html/school/subject1/lessons/S1U1L8GL.html
Everyday Math,Numbers,Square roots,http://www.math.com/homeworkhelp/EverydayMath.html/school/subject1/lessons/S1U1L9GL.html
Everyday Math,Numbers,Signed integers,http://www.math.com/homeworkhelp/EverydayMath.html/school/subject1/lessons/S1U1L10GL.html
Everyday Math,Numbers,Adding and subtracting integers,http://www.math.com/homeworkhelp/EverydayMath.html/school/subject1/lessons/S1U1L11GL.html
Everyday Math,Numbers,Multiplying and dividing integers,http://www.math.com/homeworkhelp/EverydayMath.html/school/subject1/lessons/S1U1L12GL.html
Everyday Math,Numbers,Properties of integers,http://www.math.com/homeworkhelp/EverydayMath.html/school/subject1/lessons/S1U1L13GL.html
Everyday Math,Ratios and Proportions,Ratios,http://www.math.com/homeworkhelp/EverydayMath.html/school/subject1/lessons/S1U2L1GL.html
Everyday Math,Ratios and Proportions,Proportions,http://www.math.com/homeworkhelp/EverydayMath.html/school/subject1/lessons/S1U2L2GL.html
Everyday Math,Ratios and Proportions,"Distance, rates, and time",http://www.math.com/homeworkhelp/EverydayMath.html/school/subject1/lessons/S1U2L3GL.html
Everyday Math,Ratios and Proportions,Similar figures,http://www.math.com/homeworkhelp/EverydayMath.html/school/subject1/lessons/S1U2L4GL.html
Everyday Math,Ratios and Proportions,Factors and multiples,http://www.math.com/homeworkhelp/EverydayMath.html/school/subject1/lessons/S1U3L1GL.html
Everyday Math,Ratios and Proportions,Greatest common factor (GCF),http://www.math.com/homeworkhelp/EverydayMath.html/school/subject1/lessons/S1U3L2GL.html
Everyday Math,Ratios and Proportions,Least common multiple (LCM),http://www.math.com/homeworkhelp/EverydayMath.html/school/subject1/lessons/S1U3L3GL.html
Everyday Math,Ratios and Proportions,Definitions,http://www.math.com/homeworkhelp/EverydayMath.html/school/subject1/lessons/S1U4L1GL.html
Everyday Math,Ratios and Proportions,Reducing fractions,http://www.math.com/homeworkhelp/EverydayMath.html/school/subject1/lessons/S1U4L2GL.html
Everyday Math,Ratios and Proportions,Adding and subtracting,http://www.math.com/homeworkhelp/EverydayMath.html/school/subject1/lessons/S1U4L3GL.html
Everyday Math,Ratios and Proportions,Multiplying,http://www.math.com/homeworkhelp/EverydayMath.html/school/subject1/lessons/S1U4L4GL.html
Everyday Math,Ratios and Proportions,Dividing,http://www.math.com/homeworkhelp/EverydayMath.html/school/subject1/lessons/S1U4L5GL.html
Everyday Math,Ratios and Proportions,Adding and subtracting,http://www.math.com/homeworkhelp/EverydayMath.html/school/subject1/lessons/S1U4L6GL.html
Everyday Math,Ratios and Proportions,Multiplying,http://www.math.com/homeworkhelp/EverydayMath.html/school/subject1/lessons/S1U4L7GL.html
Everyday Math,Ratios and Proportions,Dividing,http://www.math.com/homeworkhelp/EverydayMath.html/school/subject1/lessons/S1U4L8GL.html
Pre-Algebra,Numbers,Place Value,http://www.math.com/homeworkhelp/PreAlgebra.html/school/subject1/lessons/S1U1L1GL.html
Pre-Algebra,Numbers,Decimal Numbers,http://www.math.com/homeworkhelp/PreAlgebra.html/school/subject1/lessons/S1U1L2GL.html
Pre-Algebra,Numbers,Estimating and rounding,http://www.math.com/homeworkhelp/PreAlgebra.html/school/subject1/lessons/S1U1L3GL.html
Pre-Algebra,Numbers,Adding/subtracting decimals,http://www.math.com/homeworkhelp/PreAlgebra.html/school/subject1/lessons/S1U1L4GL.html
Pre-Algebra,Numbers,Multiplying decimals,http://www.math.com/homeworkhelp/PreAlgebra.html/school/subject1/lessons/S1U1L5GL.html
Pre-Algebra,Numbers,Dividing decimals,http://www.math.com/homeworkhelp/PreAlgebra.html/school/subject1/lessons/S1U1L6GL.html
Pre-Algebra,Numbers,Percent,http://www.math.com/homeworkhelp/PreAlgebra.html/school/subject1/lessons/S1U1L7GL.html
Pre-Algebra,Numbers,Exponents,http://www.math.com/homeworkhelp/PreAlgebra.html/school/subject1/lessons/S1U1L8GL.html
Pre-Algebra,Numbers,Square roots,http://www.math.com/homeworkhelp/PreAlgebra.html/school/subject1/lessons/S1U1L9GL.html
Pre-Algebra,Numbers,Signed integers,http://www.math.com/homeworkhelp/PreAlgebra.html/school/subject1/lessons/S1U1L10GL.html
Pre-Algebra,Numbers,Adding and subtracting integers,http://www.math.com/homeworkhelp/PreAlgebra.html/school/subject1/lessons/S1U1L11GL.html
Pre-Algebra,Numbers,Multiplying and dividing integers,http://www.math.com/homeworkhelp/PreAlgebra.html/school/subject1/lessons/S1U1L12GL.html
Pre-Algebra,Numbers,Properties of integers,http://www.math.com/homeworkhelp/PreAlgebra.html/school/subject1/lessons/S1U1L13GL.html
Pre-Algebra,Ratios and Proportions,Ratios,http://www.math.com/homeworkhelp/PreAlgebra.html/school/subject1/lessons/S1U2L1GL.html
Pre-Algebra,Ratios and Proportions,Proportions,http://www.math.com/homeworkhelp/PreAlgebra.html/school/subject1/lessons/S1U2L2GL.html
Pre-Algebra,Ratios and Proportions,"Distance, rates, and time",http://www.math.com/homeworkhelp/PreAlgebra.html/school/subject1/lessons/S1U2L3GL.html
Pre-Algebra,Ratios and Proportions,Similar figures,http://www.math.com/homeworkhelp/PreAlgebra.html/school/subject1/lessons/S1U2L4GL.html
Pre-Algebra,Ratios and Proportions,Factors and multiples,http://www.math.com/homeworkhelp/PreAlgebra.html/school/subject1/lessons/S1U3L1GL.html
Pre-Algebra,Ratios and Proportions,Greatest common factor (GCF),http://www.math.com/homeworkhelp/PreAlgebra.html/school/subject1/lessons/S1U3L2GL.html
Pre-Algebra,Ratios and Proportions,Least common multiple (LCM),http://www.math.com/homeworkhelp/PreAlgebra.html/school/subject1/lessons/S1U3L3GL.html
Pre-Algebra,Ratios and Proportions,Definitions,http://www.math.com/homeworkhelp/PreAlgebra.html/school/subject1/lessons/S1U4L1GL.html
Pre-Algebra,Ratios and Proportions,Reducing fractions,http://www.math.com/homeworkhelp/PreAlgebra.html/school/subject1/lessons/S1U4L2GL.html
Pre-Algebra,Ratios and Proportions,Adding and subtracting,http://www.math.com/homeworkhelp/PreAlgebra.html/school/subject1/lessons/S1U4L3GL.html
Pre-Algebra,Ratios and Proportions,Multiplying,http://www.math.com/homeworkhelp/PreAlgebra.html/school/subject1/lessons/S1U4L4GL.html
Pre-Algebra,Ratios and Proportions,Dividing,http://www.math.com/homeworkhelp/PreAlgebra.html/school/subject1/lessons/S1U4L5GL.html
Pre-Algebra,Ratios and Proportions,Adding and subtracting,http://www.math.com/homeworkhelp/PreAlgebra.html/school/subject1/lessons/S1U4L6GL.html
Pre-Algebra,Ratios and Proportions,Multiplying,http://www.math.com/homeworkhelp/PreAlgebra.html/school/subject1/lessons/S1U4L7GL.html
Pre-Algebra,Ratios and Proportions,Dividing,http://www.math.com/homeworkhelp/PreAlgebra.html/school/subject1/lessons/S1U4L8GL.html
Algebra,The Language of Algebra,Definition,http://www.math.com/homeworkhelp/Algebra.html/school/subject2/lessons/S2U1L1GL.html
Algebra,The Language of Algebra,Order of Operation,http://www.math.com/homeworkhelp/Algebra.html/school/subject2/lessons/S2U1L2GL.html
Algebra,The Language of Algebra,Writing Equations,http://www.math.com/homeworkhelp/Algebra.html/school/subject2/lessons/S2U1L3GL.html
Algebra,The Language of Algebra,Writing Inequalities,http://www.math.com/homeworkhelp/Algebra.html/school/subject2/lessons/S2U1L4GL.html
Algebra,The Basics of Algebra,Useful Properties,http://www.math.com/homeworkhelp/Algebra.html/school/subject2/lessons/S2U2L1GL.html
Algebra,The Basics of Algebra,Exponents,http://www.math.com/homeworkhelp/Algebra.html/school/subject2/lessons/S2U2L2GL.html
Algebra,The Basics of Algebra,Evaluating Expressions,http://www.math.com/homeworkhelp/Algebra.html/school/subject2/lessons/S2U2L3GL.html
Algebra,The Basics of Algebra,Like Terms,http://www.math.com/homeworkhelp/Algebra.html/school/subject2/lessons/S2U2L4GL.html
Algebra,The Basics of Algebra,Simplifying,http://www.math.com/homeworkhelp/Algebra.html/school/subject2/lessons/S2U2L5GL.html
Algebra,Equations and Inequalities,Solving Addition & Subtraction Equations,http://www.math.com/homeworkhelp/Algebra.html/school/subject2/lessons/S2U3L1GL.html
Algebra,Equations and Inequalities,Solving Multiplication,http://www.math.com/homeworkhelp/Algebra.html/school/subject2/lessons/S2U3L2GL.html
Algebra,Equations and Inequalities,Solving Division,http://www.math.com/homeworkhelp/Algebra.html/school/subject2/lessons/S2U3L3GL.html
Algebra,Equations and Inequalities,Solving Inequalities,http://www.math.com/homeworkhelp/Algebra.html/school/subject2/lessons/S2U3L4GL.html
Algebra,Equations and Inequalities,Formulas,http://www.math.com/homeworkhelp/Algebra.html/school/subject2/lessons/S2U3L5GL.html
Algebra,Equations and Inequalities,Two Step Equations and Inequalities,http://www.math.com/homeworkhelp/Algebra.html/school/subject2/lessons/S2U3L6GL.html
Algebra,Graphing Equations and Inequalities,The Coordinate Plane,http://www.math.com/homeworkhelp/Algebra.html/school/subject2/lessons/S2U4L1GL.html
Algebra,Graphing Equations and Inequalities,Slope and y-intercept,http://www.math.com/homeworkhelp/Algebra.html/school/subject2/lessons/S2U4L2GL.html
Algebra,Graphing Equations and Inequalities,Linear Equation,http://www.math.com/homeworkhelp/Algebra.html/school/subject2/lessons/S2U4L3GL.html
Geometry,Geometry Building Blocks,Geometry words,http://www.math.com/homeworkhelp/Geometry.html/school/subject3/lessons/S3U1L1GL.html
Geometry,Geometry Building Blocks,Coordinate geometry,http://www.math.com/homeworkhelp/Geometry.html/school/subject3/lessons/S3U1L2GL.html
Geometry,Geometry Building Blocks,Pairs of lines,http://www.math.com/homeworkhelp/Geometry.html/school/subject3/lessons/S3U1L3GL.html
Geometry,Geometry Building Blocks,Classifying angles,http://www.math.com/homeworkhelp/Geometry.html/school/subject3/lessons/S3U1L4GL.html
Geometry,Geometry Building Blocks,Angles and intersecting lines,http://www.math.com/homeworkhelp/Geometry.html/school/subject3/lessons/S3U1L5GL.html
Geometry,Geometry Building Blocks,Circles,http://www.math.com/homeworkhelp/Geometry.html/school/subject3/lessons/S3U1L6GL.html
Geometry,Polygons,Polygon basics,http://www.math.com/homeworkhelp/Geometry.html/school/subject3/lessons/S3U2L1GL.html
Geometry,Polygons,Triangles,http://www.math.com/homeworkhelp/Geometry.html/school/subject3/lessons/S3U2L2GL.html
Geometry,Polygons,Quadrilaterals,http://www.math.com/homeworkhelp/Geometry.html/school/subject3/lessons/S3U2L3GL.html
Geometry,Polygons,Area of polygons and circles,http://www.math.com/homeworkhelp/Geometry.html/school/subject3/lessons/S3U2L4GL.html
Geometry,Relations and Sizes,Congruent figures,http://www.math.com/homeworkhelp/Geometry.html/school/subject3/lessons/S3U3L1GL.html
Geometry,Relations and Sizes,Similar figures,http://www.math.com/homeworkhelp/Geometry.html/school/subject3/lessons/S3U3L2GL.html
Geometry,Relations and Sizes,Squares and square roots,http://www.math.com/homeworkhelp/Geometry.html/school/subject3/lessons/S3U3L3GL.html
Geometry,Relations and Sizes,The Pythagorean Theorem and right triangle facts,http://www.math.com/homeworkhelp/Geometry.html/school/subject3/lessons/S3U3L4GL.html
Geometry,Three-dimensional Figures,Space figures,http://www.math.com/homeworkhelp/Geometry.html/school/subject3/lessons/S3U4L1GL.html
Geometry,Three-dimensional Figures,Prisms,http://www.math.com/homeworkhelp/Geometry.html/school/subject3/lessons/S3U4L2GL.html
Geometry,Three-dimensional Figures,Pyramids,http://www.math.com/homeworkhelp/Geometry.html/school/subject3/lessons/S3U4L3GL.html
Geometry,Three-dimensional Figures,"Cylinders, cones, and spheres",http://www.math.com/homeworkhelp/Geometry.html/school/subject3/lessons/S3U4L4GL.html
